{
    "always block": {
        "prefix": "always",
        "body": [
            "always @(posedge ${1:clk}) begin",
            "    $0",
            "end"
        ],
        "description": "always block"
    },

    "always block with positive reset": {
        "prefix": "always",
        "body": [
            "always @(posedge ${1:clk} or posedge ${2:rst}) begin",
            "    if (${2:rst}) begin",
            "        $0 <= 1'b0;",
            "    end else if (${3:condition}) begin",
            "        $0 <= 1'b1;",
            "    end else begin",
            "        $0 <= 1'b0;",
            "    end",
            "end"
        ],
        "description": "always block with positive reset"
    },

    "always block with negative reset": {
        "prefix": "always",
        "body": [
            "always @(posedge ${1:clk} or negedge ${2:rstn}) begin",
            "    if (~${2:rstn}) begin",
            "        $0 <= 1'b0;",
            "    end else if (${3:condition}) begin",
            "        $0 <= 1'b1;",
            "    end else begin",
            "        $0 <= 1'b0;",
            "    end",
            "end"
        ],
        "description": "always block with negative reset"
    },

    "module": {
        "prefix": "module",
        "body": [
            "module $TM_FILENAME_BASE (",
            "    input               clk,",
            "    input               rst,",
            "    input               s_axis_tvalid,",
            "    output wire         s_axis_tready,",
            "    input       [31:0]  s_axis_tdata,",
            "    input               s_axis_tlast,",
            "    output wire         s_axis_tvalid,",
            "    input               s_axis_tready,",
            "    output wire [31:0]  s_axis_tdata,",
            "    output wire         s_axis_tlast",
            ");\n\n\n",
            "endmodule"
        ],
        "description": "module"
    },

    "module with parameters": {
        "prefix": "module",
        "body": [
            "module $TM_FILENAME_BASE #",
            "(",
            "    parameter WIDTH = 32",
            ")",
            "(",
            "    input                   clk,",
            "    input                   rst,",
            "    input                   s_axis_tvalid,",
            "    output wire             s_axis_tready,",
            "    input       [WIDTH-1:0] s_axis_tdata,",
            "    input                   s_axis_tlast,",
            "    output wire             s_axis_tvalid,",
            "    input                   s_axis_tready,",
            "    output wire [WIDTH-1:0] s_axis_tdata,",
            "    output wire             s_axis_tlast",
            ");\n\n\n",
            "endmodule"
        ],
        "description": "module with parameters"
    },

    "if else": {
        "prefix": "if",
        "body": [
            "if (${1:condition}) begin",
            "    $0 <= 1'b1;",
            "end else begin",
            "    $0 <= 1'b0;",
            "end"
        ],
        "description": "if (...) begin ... end else begin ... end"
    },

    "for loop": {
        "prefix": "for",
        "body": [
            "for (${1:i}=0; ${1:i}<${2:LEN}; ${1:i}=${1:i}+1) begin: gen_for_loop",
            "    $0",
            "end"
        ],
        "description": "for (...) begin ... end"
    },

    "while loop": {
        "prefix": "while",
        "body": [
            "while (${1:condition}) begin",
            "    $0",
            "end"
        ],
        "description": "while (...) begin ... end"
    },

    "block comment": {
        "prefix": "comment",
        "body": [
            "/**",
            " *",
            " *",
            "**/"
        ],
        "description": "block comment (/* ... */)"
    },

    "finite state machine": {
        "prefix": "fsm",
        "body": [
            "localparam [3:0] ST_IDLE   = 4'h0;",
            "localparam [3:0] ST_A      = 4'h1;",
            "localparam [3:0] ST_B      = 4'h2;",
            "localparam [3:0] ST_C      = 4'h3;",
            "localparam [3:0] ST_D      = 4'h4;",
            "localparam [3:0] ST_E      = 4'h5;",
            "localparam [3:0] ST_F      = 4'h6;",
            "localparam [3:0] ST_G      = 4'h7;",
            "",
            "reg [3:0] state, state_next;",
            "always @(posedge clk or posedge rst) begin",
            "    if (rst)",
            "        state <= ST_IDLE;",
            "    else",
            "        state <= state_next;",
            "end",
            "",
            "always @(*) begin",
            "    state_next = state;",
            "    case (state)",
            "        ST_IDLE: begin",
            "        end",
            "        default: state_next = ST_IDLE;",
            "    endcase",
            "end"
        ],
        "description": "finite state machine"
    },

    "inferred block ram": {
        "prefix": "ram",
        "body": [
            "localparam AW = 8;",
            "localparam DW = 32;",
            "reg ram_wr_en;",
            "reg [AW-1:0] ram_wr_addr;",
            "reg [DW-1:0] ram_wr_data;",
            "reg [AW-1:0] ram_rd_addr;",
            "reg [DW-1:0] ram_rd_data;",
            "reg [DW-1:0] ram [0:2**AW-1];",
            "always @(posedge clk) begin",
            "    ram_rd_data <= ram[ram_rd_addr];",
            "    if (ram_wr_en)",
            "        ram[ram_wr_addr] <= ram_wr_data;",
            "end"
        ],
        "description": "inferred block ram"
    },

    "inferred block ram simple dual port": {
        "prefix": "ram",
        "body": [
            "localparam AW = 8;",
            "localparam DW = 32;",
            "reg ram_wr_en;",
            "reg [AW-1:0] ram_wr_addr;",
            "reg [DW-1:0] ram_wr_data;",
            "reg [AW-1:0] ram_rd_addr;",
            "reg [DW-1:0] ram_rd_data;",
            "reg [DW-1:0] ram [0:2**AW-1];",
            "always @(posedge rdclk) begin",
            "    ram_rd_data <= ram[ram_rd_addr];",
            "end",
            "always @(posedge wrclk) begin",
            "    if (ram_wr_en)",
            "        ram[ram_wr_addr] <= ram_wr_data;",
            "end"
        ],
        "description": "inferred block ram simple dual port"
    }
}
