{
    "comments": {
        "lineComment": "//",
        "blockComment": [ "/*", "*/" ]
    },
    "brackets": [
        ["{", "}"],
        ["[", "]"],
        ["(", ")"],
        ["begin", "end"],
        ["fork", "join"],
        ["fork", "join_any"],
        ["fork", "join_none"],
        ["case", "endcase"],
        ["checker", "endchecker"],
        ["class", "endclass"],
        ["clocking", "endclocking"],
        ["config", "endconfig"],
        ["function", "endfunction"],
        ["generate", "endgenerate"],
        ["group", "endgroup"],
        ["interface", "endinterface"],
        ["module", "endmodule"],
        ["package", "endpackage"],
        ["primitive", "endprimitive"],
        ["program", "endprogram"],
        ["property", "endproperty"],
        ["sequence", "endsequence"],
        ["specify", "endspecify"],
        ["table", "endtable"],
        ["task", "endtask"]
    ],
    "autoClosingPairs": [
        ["{", "}"],
        ["[", "]"],
        ["(", ")"],
        ["\"", "\""]
    ],
    "surroundingPairs": [
        ["{", "}"],
        ["[", "]"],
        ["(", ")"],
        ["\"", "\""]
    ],
    "folding": {
        "markers": {
            "start": "^\\s*//\\s*#?region\\b",
            "end": "^\\s*//\\s*#?endregion\\b"
        }
    }
}